{"cache":{"functions":{"mcode1:execute_mcode":{"def":[],"ref":[{"start":127,"end":147,"rel":"data\\mcode1\\functions\\tick.mcfunction","line":0}]},"mcode1:init":{"def":[],"ref":[{"start":9,"end":20,"rel":"data\\print\\functions\\mcode1_start.mcfunction","line":1}]},"mcode1:line1":{"def":[],"ref":[{"start":74,"end":86,"rel":"data\\mcode1\\functions\\execute_mcode.mcfunction","line":2}]},"mcode1:line2":{"def":[],"ref":[{"start":74,"end":86,"rel":"data\\mcode1\\functions\\execute_mcode.mcfunction","line":3}]},"mcode1:line3":{"def":[],"ref":[{"start":74,"end":86,"rel":"data\\mcode1\\functions\\execute_mcode.mcfunction","line":4}]},"mcode1:line4":{"def":[],"ref":[{"start":74,"end":86,"rel":"data\\mcode1\\functions\\execute_mcode.mcfunction","line":5}]},"mcode1:move_to_next_code":{"def":[],"ref":[{"start":110,"end":134,"rel":"data\\mcode1\\functions\\line1.mcfunction","line":2},{"start":110,"end":134,"rel":"data\\mcode1\\functions\\line3.mcfunction","line":2},{"start":110,"end":134,"rel":"data\\mcode1\\functions\\line2.mcfunction","line":2},{"start":110,"end":134,"rel":"data\\mcode1\\functions\\line4.mcfunction","line":2}]},"mcode1:reload":{"def":[],"ref":[]},"mcode1:stop":{"def":[],"ref":[{"start":9,"end":20,"rel":"data\\print\\functions\\mcode1_stop.mcfunction","line":1}]},"mcode1:tick":{"def":[],"ref":[]},"print:mcode1_start":{"def":[],"ref":[]},"print:mcode1_stop":{"def":[],"ref":[]}},"tags/functions":{"minecraft:load":{"def":[],"ref":[]},"minecraft:tick":{"def":[],"ref":[]}},"objectives":{"gp_ArgVar001":{"def":[{"start":26,"end":38,"rel":"data\\mcode1\\functions\\init.mcfunction","line":2}],"ref":[{"start":38,"end":50,"rel":"data\\mcode1\\functions\\stop.mcfunction","line":0},{"start":32,"end":44,"rel":"data\\mcode1\\functions\\tick.mcfunction","line":0},{"start":38,"end":50,"rel":"data\\mcode1\\functions\\init.mcfunction","line":3}]},"gp_ArgVar002":{"def":[{"start":26,"end":38,"rel":"data\\mcode1\\functions\\init.mcfunction","line":5}],"ref":[{"start":37,"end":49,"rel":"data\\mcode1\\functions\\execute_mcode.mcfunction","line":1},{"start":67,"end":79,"rel":"data\\mcode1\\functions\\execute_mcode.mcfunction","line":1},{"start":32,"end":44,"rel":"data\\mcode1\\functions\\execute_mcode.mcfunction","line":2},{"start":32,"end":44,"rel":"data\\mcode1\\functions\\execute_mcode.mcfunction","line":3},{"start":32,"end":44,"rel":"data\\mcode1\\functions\\execute_mcode.mcfunction","line":4},{"start":32,"end":44,"rel":"data\\mcode1\\functions\\execute_mcode.mcfunction","line":5},{"start":38,"end":50,"rel":"data\\mcode1\\functions\\move_to_next_code.mcfunction","line":3},{"start":32,"end":44,"rel":"data\\mcode1\\functions\\move_to_next_code.mcfunction","line":6},{"start":32,"end":44,"rel":"data\\mcode1\\functions\\move_to_next_code.mcfunction","line":7},{"start":32,"end":44,"rel":"data\\mcode1\\functions\\move_to_next_code.mcfunction","line":8},{"start":38,"end":50,"rel":"data\\mcode1\\functions\\init.mcfunction","line":6},{"start":41,"end":53,"rel":"data\\mcode1\\functions\\init.mcfunction","line":8}]}}},"files":{"data":{"mcode1":{"functions":{"execute_mcode.mcfunction":1581467668685.0432,"init.mcfunction":1581468293709.3123,"line1.mcfunction":1581468251199.4563,"line2.mcfunction":1581468251199.4563,"line3.mcfunction":1581468251199.4563,"line4.mcfunction":1581468251202.4475,"move_to_next_code.mcfunction":1581468251199.4563,"reload.mcfunction":1581289482945.7168,"stop.mcfunction":1581467668685.0432,"tick.mcfunction":1581468231399.8057}},"minecraft":{"tags":{"functions":{"load.json":1581289448693.8503,"tick.json":1581289570699.5454}}},"print":{"functions":{"mcode1_start.mcfunction":1581289678766.4429,"mcode1_stop.mcfunction":1581289850064.9192}}}},"version":4}